Title,Content
"Công Phượng, Xuân Trường lại có cơ hội dự SEA Games 2019",liên đoàn bóng đá việt nam vừa nhận được thông tin từ ủy ban olympic việt nam theo đó chủ nhà philippines gửi thông báo cho phép các đội bóng nam dự sea games cuối năm nay được mang theo hai cầu thủ trên 22 tuổi phó chủ tịch phụ trách chuyên môn của vff trần quốc tuấn chia sẻ với vnexpresstrước đó các nước tham dự đại hội thể thao khu vực đông nam á lần thứ 30 đồng thuận với phương án sử dụng lứa cầu thủ u22 để tranh tài ở môn bóng đá nam tuy nhiên với vai trò chủ nhà philippines có quyền điều chỉnhvới thông báo kể trên lứa cầu thủ như công phượng xuân trường văn toàn duy mạnh bất ngờ lại có cơ hội tranh tài tại sea games 2019 đây là những cầu thủ từng cùng u23 việt nam giành hc bạc châu á hồi tháng 1/2018 nhưng đã quá tuổivff cho biết việc cầu thủ nào được lựa chọn bổ sung do hlv park hang-seo toàn quyền quyết định trong đội u22 hiện tại cũng có tới bảy gương mặt đã cùng đội tuyển việt nam vô địch aff cup 2018 hay vào tứ kết asian cup 2019 là quang hải đình trọng đức chinh văn hậu bùi tiến dũng thủ môn thành chung và tiến linhtheo kế hoạch ban đầu ông park không trực tiếp cầm quân tại sea games 2019 mà trao cho trợ lý lee young-jin tuy nhiên sau đó nhà cầm quân hàn quốc đổi ý nhận trách nhiệm cả sân chơi này và vòng loại world cup 2022 người hâm mộ việt nam kỳ vọng rất lớn vào việc giành hc vàng sea games vì vậy tôi không còn cách nào khác là đảm nhận dù cùng lúc nắm hai đội đá hai giải sát nhau là rất khó khăn ông cho haylâm thỏa
HLV Park Hang-seo loại năm cầu thủ khỏi U23 Việt Nam,năm cầu thủ bị loại gồm trung vệ bùi hoàng việt anh tiền vệ đậu văn toàn nguyễn vũ tín trần văn bửu và tiền đạo trần đức nam quyết định được hlv park hang-seo đưa ra sau khi thảo luận với ban huấn luyện tối 17/3trước đó ông cũng đã gạch trần thành lâm quí và nguyễn trọng huy ba cầu thủ này đang chấn thương không kịp bình phục để góp mặt tại vòng loại u23 châu á 2020u23 việt nam hiện tại còn 29 cầu thủ hlv park hang-seo sẽ phải tiếp tục đánh giá các học trò trong các buổi tập để đưa ra quyết định loại thêm sáu người mỗi đội chỉ được đăng ký 23 cầu thủ và phải chốt danh sách trong buổi họp kỹ thuật trước khi bước vào giảitại vòng loại u23 châu á 2020 u23 việt nam nằm ở bảng k - diễn ra trên sân mỹ đình hà nội đội sẽ lần lượt đối đầu brunei 22/3 indonesia 24/3 và thái lan 26/3 mục tiêu của thầy trò park hang-seo là giành đầu bảng để đoạt vé dự vòng chung kết tại thái lanđể chuẩn bị cho giải đấu này u23 việt nam đóng quân tập luyện tại trung tâm đào tạo bóng đá trẻ vff từ ngày 6/3lâm thỏa
Bình Dương cấm thi đấu thủ môn Tấn Trường,sáng 18/3 clb bình dương tập trung trở lại sau vài ngày xả trại cả đội họp với ban huấn luyện để đánh giá rút kinh nghiệm về thất bại 1-3 trước cerez negros ở afc cup 2019 từ báo cáo của ban huấn luyện lãnh đạo clb bình dương sau đó quyết định xử lý tấn trườngchúng tôi tạm thời không sử dụng thủ môn bùi tấn trường đến hết giai đoạn một của v-league cup quốc gia và afc cup ông lê hồng cường - tổng giám đốc công ty cpbđ bình dương - chia sẻ với vnexpress chúng tôi xác định rằng tấn trường đã chủ quan thiếu tập trung trong thi đấu gây nên hậu quả đáng tiếc là thất bại muối mặt trên sân nhà ảnh hưởng xấu đến clb người hâm mộ việt nam và cả những người làm chuyên môn chúng tôi hy vọng trong thời gian tới cậu ấy sẽ trấn tĩnh lại và tập luyện nghiêm túctrong trận tiếp ceres-nefros đến từ philipines ở lượt trận thứ hai bảng g ngày 12/3 tấn trường mắc nhiều lỗi điển hình là phút 25 anh chủ quan dẫn bóng bằng chân trong vòng cấm để đối phương cướp bóng rồi ghi bàn đến bàn thua thứ hai và thứ ba vào cuối trận anh cũng không làm chủ được khu vực 5m50 hlv trần minh chiến sau trận đấu đã khẳng định tấn trường thi đấu dưới khả năngbình dương luôn đề cao tôn chỉ phải đá đẹp cống hiến vì hình ảnh clb và niềm tự hào của bóng đá việt nam do đó những cầu thủ nào vào sân không cháy hết mình thiếu tập trung sẽ bị loại bỏ ông cường cho biết thêmbình dương hiện tại còn hai sự lựa chọn cho vị trí thủ môn đó là cựu thủ thành đội tuyển quốc gia trần đức cường và phạm văn tiến - mới chuyển đến từ hagl mùa nàyđức đồng
CĐV đối phương vỗ tay tán thưởng Messi,phút 85 lionel messi đón đường mớm bóng của đồng đội rồi dứt điểm một chạm từ rìa cấm địa bóng rót vào phía xa khung thành của betis khiến cú tung người của thủ thành pau lopez trở nên vô nghĩa dù đó là bàn thứ ba của messi ấn định chiến thắng 4-1 cho barca rất nhiều cđv betis vẫn vỗ tay tán thưởng họ như bị thuyết phục bởi vẻ đẹp trong cách messi ghi bàntôi không nhớ mình từng trải qua buổi tối nào như thế này tôi thực sự cảm kích cách cư xử của cđv betis tôi cảm thấy may mắn với việc họ đến sân và barca giành ba điểm messi chia sẻ sau trận đấu ở sân benito villamarintrước đó messi cũng khiến không ít người phải suýt xoa với cú sút phạt mở tỷ số phút 18 và bàn nhân đôi cách biệt từ pha phối hợp với luis suarez phút bù giờ hiệp mộtmessi đang dẫn đầu cuộc đua vua phá lưới la liga với 29 bàn đây cũng là thành tích giúp anh dẫn đầu cuộc đua giày vàng châu âu - hơn ba bàn so với kylian mbappenhờ trận thắng betis barca củng cố vị trí dẫn đầu la liga với 66 điểm sau 28 vòng atletico madrid vẫn xếp thứ hai với 56 điểm trong khi real madrid có 54 điểm và xếp thứ bathanh quý
Từ Hiểu Đông thi đấu võ chuyên nghiệp,trang kaixian cho biết từ hiểu đông đã có mặt tại thành phố hàng châu tỉnh chiết giang sáng 17/3 để ký hợp đồng với giải đấu võ chuyên nghiệp wbk đây là giải đấu dành cho các võ sĩ nghiệp dư thuộc nhiều môn phái khác nhau như muay thái wushu mma tham dựwbk được cục thể thao thành phố ninh ba chiết giang tổ chức hàng năm với luật thi đấu gần giống ufc việc mời được một võ sĩ ngông cuồng có sức ảnh hưởng lớn tới võ giới trung quốc như từ hiểu đông tham dự được đánh giá là một thắng lợi của ban tổ chức năm naytừ xuất hiện tại khách sạn cao cấp ngô sơn hàng châu với chiếc áo thun bó sát lộ hai cánh tay cơ bắp lệ chí vỹ một võ sĩ mma nổi tiếng ở chiết giang sau khi biết tin ca ngợi: sự tham gia của anh ấy sẽ giúp giải đấu cải thiện chất lượnglưu học văn một trong những nhà sáng lập giải đấu wbk cũng bày tỏ sự vui mừng: trong mắt nhiều người hiểu đông giống như một kẻ điên nhưng thú thực việc lật mặt những nguỵ võ sư của anh ấy đã góp phần vào sự phát triển của võ thuật trung quốc chúng tôi muốn mang anh ấy tới những sân khấu lớn hơn để mọi người có thể tận mắt khả năng thực chiến của võ thuậtban tổ chức wbk không tiết lộ giá trị bản hợp đồng vừa ký với từ thời gian thi đấu cụ thể của gã điên hiện vẫn trong thời gian bàn bạc một thành viên ban tổ chức cho biếttrong hai năm 2017 và 2018 từ hiểu đông hạ liên tiếp hai võ sư có tiếng của làng võ truyền thống trung quốc là nguỵ lôi và đinh hạo vì việc này võ sĩ 40 tuổi bị xem là kẻ thù của những người yêu võ thuật truyền thốngký hợp đồng thi đấu chuyên nghiệp với wbk là bước nhảy vọt trong sự nghiệp đấu võ của từ hiểu đông người vốn chỉ đọ sức ở những sàn đấu tự phát dù vậy võ sĩ mma khẳng định: tôi chưa nghĩ tới bất cứ sự thay đổi nào nhưng thấy vui vì giờ có nhiều người muốn sát cánh cùng tôi không muốn thách đấu ai lúc này trừ phi có những kẻ làm ô uế võ thuậtthắng nguyễn
CĐV đối phương đòi trả vé vì Ronaldo vắng mặt,cristiano ronaldo không được hlv max allegri đưa vào danh sách thi đấu trong chuyến làm khách đến sân của genoa ở vòng 28 quyết định này nhằm đảm bảo thể lực cho cr7 trong giai đoạn khốc liệt của mùa giải - nhất là ở đấu trường champions league cách đó vài ngày ronaldo đã làm nên cơn chấn động khi lập hat-trick vào lưới atletico madrid giúp juventus lật ngược thế cờ để vào tứ kết sân chơi số một châu âutrong cơn tức giận nhiều cđv genoa đã gọi điện tới trụ sở clb để đòi hoàn trả tiền vé tuy nhiên genoa sẽ không đáp ứng yêu cầu nàyvới việc không có ronaldo juventus bất ngờ chịu thất bại 0-2 đây là trận thua đầu tiên của họ ở serie a mùa này tuy nhiên điều này không làm ảnh hưởng đến vị trí cũng như cơ hội vô địch của ronaldo và các đồng đội họ vẫn đang dẫn đầu với 75 điểm trong khi đội xếp thứ hai napoli mới 60 điểmdo khoảng cách lớn juventus chỉ cần kiếm thêm 16 điểm trong 10 trận còn lại để vô địch việc gần như tiếp tục thống trị serie a cũng là một lợi thế để juventus tập trung vào champions leaguethanh quý
Vegas lập kỷ lục gạt dài nhất tại hố số 17 The Players,jhonattan vegas là một trong những người chơi hay nhất ngày hạ màn the players vòng golf không lỗi với sáu birdie giúp golfer 34 tuổi đứng t3 chung cuộc trong đó birdie ở hố số 17 đưa anh vào lịch sử giải đấutừ cự ly 213 mét ở rìa cỏ của hòn đảo xanh chủ nhân ba danh hiệu pga tour có quyết định táo bạo về đường line vòng cung anh đưa bóng lượn qua vùng cỏ dốc và từ từ lăn thẳng vào hố trong sự kinh ngạc của đồng nghiệp kevin kisner và hàng ngàn khán giảđây là cú gạt xa nhất để có birdie ở hố số 17 của tpc sawgrass sau gần bốn thập kỷ sân đấu này đăng cai the players tôi đã phát bóng rất tệ nhưng gạt bóng tuyệt vời vegas hào hứng đó là cú gạt không thể đặc biệt hơn tôi dự tính mất hai lần gạt để xong hố này và rất hạnh phúc khi nhìn trái bóng lăn vào hố ngay sau lần gạt đầucú gạt dài hơn 21 mét của vegas vượt qua kỷ lục cũ là 182 mét của bernhard langer thiết lập tại vòng hai năm 2008ngay trước khoảnh khắc lịch sử của vegas các khán giả ở hố số 17 cũng hò hét phấn khích khi chứng kiến golfer người anh eddie pepperell gạt thành công từ khoảng cách 15 mét một ngày cuối tuần không thể tuyệt hơn ở tpc sawgrass nơi bạn chứng kiến màn tranh vô địch hấp dẫn và những cú gạt cảm xúc bậc nhất mùa giải rickie fowler nói trong cuộc phỏng vấn với kênh nbc sau giảinhân đạt
Xe của Hamilton bị lỗi bất thường tại GP Australia,chúng tôi phát hiện phần hư hại ở khu vực sàn phía trước lốp sau bên trái xe của lewis có một phần sàn bị thiếu nhưng chúng tôi chưa rõ nguyên nhân chính xác tại sao lại như vậy đội mercedes cho biếttheo sky sports lewis hamilton đã kiểm tra chiếc xe của anh sau chặng đua đầu tiên của mùa giải dù xuất phát đầu tiên tay đua anh chỉ về nhì sau đồng đội valteri bottas đến 21 giâytuy nhiên khi trả lời phỏng vấn sau chặng đua hamilton không đổ lỗi cho bất cứ điều gì về thất bại này chúng tôi giành được những điều tích cực sau chặng đua này tôi sẽ trở lại châu âu và quay lại nhà máy ngay trong tuần tới đến lúc trở lại đó tôi sẽ hiểu rõ hơn về phần hư hại của chiếc xe và biết cách sửa chữa nó cho chặng tiếp theo hamilton nóikhông thể bắt kịp bottas về tốc độ hamilton đã phải chật vật trong việc giữ vị trí thứ hai trước sự uy hiếp của sebastian vettel và max verstappen tuy nhiên ở những thời điểm quyết định sức mạnh của chiếc w10 cho phép hamilton bảo vệ vị trítay đua người anh khẳng định sự áp đảo của mercedes là điều bất ngờ anh muốn ferrari sẽ sớm tìm ra nguyên nhân khiến tốc độ của chiếc sf90 bị hạn chế không ai chờ đợi một khoảng cách lớn như thế trước khi bước vào chặng đua này những gì tôi chứng kiến và được chỉ rõ trong các phân tích là ferrari đang đi trước về tốc độ nhưng rõ ràng đó không phải những gì chúng ta thấy ở tuần này tôi không chắc vấn đề của họ là gì nhưng tôi chắc là ferrari sẽ trở lại mạnh mẽ ở những chặng đua tới hamilton nóivĩnh san
Verstappen giúp Honda giành podium lần đầu sau 11 năm,thành tích này của max verstappen mang nhiều ý nghĩa với nhà cung cấp động cơ honda công ty của nhật bản mới trở lại f1 vài năm gần đây và lần gần nhất họ góp mặt trên podium với tư cách nhà cung cấp động cơ đã từ năm 2008năm ngoái red bull hợp tác với renault nhưng năm nay họ chuyển nhà cung cấp động cơ sang honda quyết định của red bull gây ra nhiều ý kiến trái chiều honda từng có những thử nghiệm mang lại kết quả tích cực với toro rosso mùa trước nhưng việc họ có cung cấp một động cơ ổn định cho đội đua giàu tham vọng như red bull trong suốt 21 chặng đua hay không lại là chuyện khácvới honda việc giành podium đầu tiên trong kỷ nguyên v6 là một khởi đầu tuyệt vời tôi muốn chúc mừng họ trên khía cạnh tốc độ mà chúng tôi có trong suốt chặng đua đây là một bước tiến tốt so với mùa trước chỉ cần so sánh tốc độ tối đa của chúng tôi với hai đội hàng đầu khác thế nên tôi rất hài lòng động cơ đã hoạt động rất tốt mà không gặp vấn đề gì đó là điều rất quan trọng verstappen nóisau khi giúp verstappen cán đích thứ ba twitter của honda đã gửi lời cám ơn tới tất cả nhân viên kỹ thuật và đối tác red bullthành tích về thứ ba tại gp australia giúp verstappen giành podium ở chặng đua thứ sáu liên tiếp bất chấp việc f1 vừa trở lại sau kỳ nghỉ đông dài điều đó cho thấy sự tiến bộ của tay đua 21 tuổi - người được xem là sẽ thống trị đường đua f1 trong tương lailãnh đội red bull christian horner nói vói sky sports: chúng tôi đã thi đấu vượt hơn những gì mong đợi ở chặng đua này các đối thủ sẽ bắt đầu để mắt đến chúng tôi nhiều hơnvĩnh san
Sarri: 'Chelsea đã tới giới hạn',bảo lam
Champions League được đề nghị thêm thể thức lên xuống hạng,tuần báo phố wall cho biết những người đứng đầu của hiệp hội các clb châu âu eca sẽ gặp đại diện liên đoàn bóng đá châu âu uefa vào thứ ba 19/3 tại nyon thuỵ sỹ để đề xuất những thay đổi trong cách tổ chức cho champions leaguemong muốn của eca là champions league chuyển sang thi đấu vào cuối tuần thay vì giữa tuần như hiện nay bên cạnh đó eca đề xuất giải đấu số một châu âu bổ sung thể thức lên xuống hạng yếu tố giúp những clb có thực lực nhưng khó cạnh tranh ở giải vô địch quốc gia giành vé dự champions leaguethe sun cho biết nhiều clb như everton newcastle và leicester muốn có thêm sân chơi ở châu âu những đội này sẵn sàng chơi ở giải hạng dưới của champions league trong những mùa đầu tiên hòng lấy vé lên chơi giải đấu số mộtuefa đang chịu áp lực lớn từ phía eca về việc chia thêm tiền thưởng và bản quyền truyền hình trước đó nhóm g-14 tiền thân của eca ngày nay từng doạ thành lập một giải đấu có tên super league cạnh tranh với champions league nếu những yêu cầu của họ không được đáp ứngthanh thế của eca ngày một lớn mạnh chủ tịch của hiệp hội này đang là andrea agnelli chủ tịch juventus người đứng đầu của juventus cho biết ông muốn lan toả sức hấp dẫn của champions league ra toàn cầu và muốn tối đa lợi nhuận cho giải đấudù vậy những thay đổi sẽ chưa diễn ra trước năm 2024 phát ngôn viên của uefa chia sẻ: chúng tôi có thể xác nhận rằng mọi giải đấu sẽ được giữ nguyên trạng tới năm 2024thắng nguyễn
Di Maria ghi siêu phẩm đá phạt 30 mét,*bàn thắng: mbappe 45' di maria 55' 66' - germain 46'di maria ghi dấu giày trong cả ba bàn thắng cho psg vào lưới marseille tiền vệ người argentina kiến tạo cho mbappe mở tỷ số trước khi tự mình ghi hai bàn thắng trong đó pha lập công ấn định tỷ số được thực hiện trên chấm đá phạt từ khoảng cách 30 métchiến thắng này giúp psg tiến gần hơn tới chức vô địch đội bóng của hlv thomas tuchel có 77 điểm sau 28 trận trong khi đội đứng thứ hai là lille chỉ có 57 điểm dù chơi 29 trậntrận đấu với marseille không mang nặng yếu tố điểm số nhưng đây là trận đấu có ý nghĩa tinh thần lớn bởi sự kình địch giữa hai đội bóng di maria đã làm tung lưới marseille ngay ở phút 14 nhưng trọng tài từ chối sau khi nhận hỗ trợ từ các trọng tài video di maria đã việt vị khi nhận bóng nhưng trọng tài biên đã không phất cờtuy nhiên psg vẫn vươn lên trong hiệp một nhờ cú sút chéo góc của mbappe đây là bàn thắng thứ 26 của mbappe tại ligue i bước sang hiệp hai valere germain gỡ hòa cho đội khách với cú đá xoay lưng trong vòng 16m50đây là thời điểm di maria liên tục tỏa sáng tiền vệ này dứt điểm kỹ thuật bằng lòng trong chân trái đánh bại thủ môn mandanda ở góc hẹp sau đó di maria đã tiễn mandanda rời sân khi buộc người gác đền của marseille dùng tay chơi bóng ngoài vòng 16m50 người vào thay mandanda là yohann pele đã ngay lập tức phải vào lưới nhặt bóng từ cú sút phạt đỉnh cao từ di mariatrước khi trận đấu kết thúc mbappe có thể ghi thêm bàn thắng nhưng yohann pele đã cản được cú đá phạt đềnbảo lam
Kaka: 'Áp lực từ chính Messi giúp Ronaldo thăng hoa',tôi tin áp lực từ lionel messi giúp cristiano ronaldo vượt qua chính mình đó là một thử thách vô hạn và cũng là lý do giải thích tại sao ở tuổi 34 và sau vô số thành công ronaldo vẫn còn động lực một cách đáng ngạc nhiên kaka đồng đội cũ của ronaldo tại real madrid bình luận trên goal italyở tuổi 34 ronaldo vẫn là một trong những chân sút hàng đầu thế giới không chỉ đang xếp thứ hai trong cuộc đua vua phá lưới serie a mới đây anh còn lập hat-trick vào lưới atletico madrid giúp juventus làm nên một trong những cuộc ngược dòng ngoạn mục nhất ở vòng 1/8 champions leaguetừ khi ronaldo sang juventus khả năng ghi bàn của real đi xuống thấy rõ sau hai cuộc khủng hoảng với hai hlv julen lopetegui và santiago solari đội chủ sân bernabeu mới phải mời zidane trở lại chu kỳ thành công của real đã kết thúc kaka nhận xét rõ ràng trận thua ajax là một kết quả bất thường giờ thì zidane đã trở lại ông ấy là một hlv tuyệt vời với ba lần vô địch champions league liên tiếp hãy chờ xem ông ấy làm thế nào khi không còn ronaldoac milan một đội bóng cũ khác của kaka mới mua được tiền đạo sáng giá piatek từ genoa đây cũng là chân sút đang cạnh tranh với ronaldo và qaugliarella trong cuộc đua vua phá lưới serie a kaka bình luận: điều ấn tượng về piatek là khả năng chọn đúng vị trí đúng thời điểm để kết thúc đó là một bản hợp đồng tốt của ac milan tuy nhiên tôi muốn lưu ý về việc so sánh piatek với andriy shevchenko - tiền đạo thời vô địch chanpions league 2003 lúc này sự so sánh ấy có hại cho piatekthanh quý
"Thiem thắng ngược Federer, vô địch Indian Wells",lần thứ ba vào chung kết một giải master dominic thiem mới có chức vô địch đầu tiên anh ngăn cản roger federer tới danh hiệu thứ sáu tại indian wells - kỷ lục tại giải dưới ánh nắng vàng miền nam california tay vợt 25 tuổi nâng cao danh hiệu lớn nhất sự nghiệp trước mũi huyền thoạidù chưa thể tranh grand slam với bộ ba federer rafael nadal hay novak djokovic các tay vợt trẻ dần lên tiếng ở những giải master trong 15 giải gần đây có tới bảy tay vợt lần đầu đăng quang: sascha zverev rome 2017 grigor dimitrov cincinnati 2017 jack sock paris 2017 juan martin del potro indian wells 2018 john isner miami 2018 và karen khachanov paris 2018thua trận nhưng federer vẫn cho thấy anh còn có thể cải thiện 100 danh hiệu atp khi tỷ số là 3-1 trong set đầu tay vợt người thụy sĩ có tình huống chạy về và đánh bóng qua hai chân khi quay lưng tweener đã thành thương hiệu federer thua game giao đó mất break nhưng nhanh chóng thắng lại game trả giao đoạt break để dẫn 5-3 anh thắng set một sau 37 phút trong đó đoạt điểm ở cả tám lần lên lướiở 20 trận chung kết trước đó federer toàn thắng nếu đoạt set một nhưng thiem cho thấy tinh thần không bỏ cuộc với break sớm đầu set hai tàu tốc hành bất ngờ đánh lỗi cả năm pha giao bóng một trong game đó còn thiem đoạt 13 trong 14 điểm có thể để dẫn 4-1 federer không thể cứu vãn và chấp nhận thua set đầu tiên trước thiem trên sân cứng sau 37 phútfederer có cơ hội đoạt break break point khi dẫn 4-3 trong set quyết định nhưng thiem cứu được tay vợt 25 tuổi khiến khán giả indian wells tán thưởng với nỗ lực cứu bóng khi tỷ số là 5-4 cho federer thiem trượt ngã ở dây cuối sân khiến củi chỏ rướm máu nhưng vẫn ghi điểm đến game 11 anh lần đầu có break point và tận dụng thành công hai lần liền federer bỏ nhỏ nhưng thiem đều di chuyển tốt để ghi điểm với cú đánh với điểm rơi sau federer cú passing được giao bóng để vô địch thiem không mắc sai lầm để nâng chỉ số đối đầu với federer lên 3-2thiem được đánh giá cao trên sân đất nện gần đây anh kết hợp với hlv nicolas massu để cải thiện khả năng đánh sân cứng chiến lược của tay vợt người áo được đền đáp khi anh không thua set nào cho đến bán kết ở đó thiem hạ milos raonic kịch tính với tỷ số 7-6 3 6-7 3 6-4sau 22 năm áo mới lại có một nhà vô địch quần vợt master kể từ thomas muster tại miami 1997 vừa vô địch ở indian wells thiem vẫn sẽ không từ bỏ tham vọng đăng quang tại miami - khởi tranh trong tuần nàyxuân bình
Golfer Nhật Bản kết thúc The Players trong top 10,matsuyama chỉ cách nhà vô địch rory mcilroy bốn gậy nếu chỉ tính thành tích hai vòng cuối golfer nhật bản cùng jhonattan vegas là hai người hay nhất với điểm -11điểm nhấn của matsuyama ở ngày thi đấu cuối là eagle ở hố 16 par5 sau cú đánh tiếp cận green hoàn hảo bằng gậy sắt 5 sau hố 16 anh đạt tổng điểm -12 và chỉ cách đỉnh bảng thời điểm đó là jim furyk hai gậy matsuyama đạt par ở hai hố cuối và hài lòng với một vị trí trong top 10tôi đã có nhiều cú đánh chất lượng với những cây gậy sắt matsuyama chia sẻ tôi nghĩ mình chơi tốt vào hai ngày cuối tuần tôi đánh trái bóng hầu như đến đúng nơi tôi muốngolfer từng năm lần vô địch pga tour có bốn birdie và chỉ một lần bogey ở vòng bốn điểm -12 giúp anh xếp t8 chung cuộc vươn lên thứ 31 trên bảng điểm fedex cup đây là lần thứ hai matsuyama lọt top 10 tại the players và là lần thứ ba anh kết thúc một giải pga tour trong top 10 kể từ đầu nămđó là tín hiệu tích cực cho golfer không giành bất cứ danh hiệu nào trong hai năm qua matsuyama từng là golfer số hai thế giới vào năm 2017 trước khi sự nghiệp đi xuống bởi chấn thương cổ tay 2019 có thể là năm đánh dấu sự trở lại của golfer 27 tuổi – người chưa từng bỏ lỡ nhát cắt từ đầu nămnăm nay mọi thứ suôn sẻ hơn rất nhiều so với năm ngoái golfer nhật bản nói thêm chưa bàn đến những kết quả sự tự tin của tôi cũng tăng lên rõ rệt  tôi cần kiểm soát phong độ và duy trì cách chơi hiện tại tôi không muốn so sánh với năm 2017 nhưng hy vọng là tôi có thể giành danh hiệu trong năm naysau hideki matsuyama an byeong hun là golfer châu á có thành tích tốt thứ hai tại the players với điểm -7 và xếp t26 golfer hàn quốc đáng ra đứng ở vị trí cao hơn nếu không bogey-kép ở hố cuối hai đồng hương của anh là kang sung và kim si woo lần lượt xếp t47 và t56nhân đạt
"Messi lập hat-trick, Barca bỏ xa hai đội thành Madrid",*ghi bàn: moron 82' - messi 18' 45+1' 85' suarez 63'một ngày trước trận betis - barca atletico madrid bất ngờ thua 0-2 trên sân của bilbao đây là niềm khích lệ tinh thần lớn với barcatrở lại sau khi ghi hai bàn và dọn cỗ hai lần trong trận thắng lyon 5-1 ở champions league lionel messi tiếp tục đạt phong độ cao không chỉ tham gia vào những pha bóng quyết định siêu sao argentina còn hỗ trợ hàng tiền vệ trong khâu kiến tạo thế trận barca giành 54% quyền kiểm soát bóng tung 15 cú dứt điểm - nhiều gấp hai lần rưỡi so với betisđây là trận thứ 674 của messi cho barca cân bằng thành tích của andres iniesta và anh tự đánh dấu mốc của bản thân bằng bằng một bàn thắng đẹp phút 18 sau khi arthur bị phạm lỗi gần vòng cấm messi tung cú sút phạt trực tiếp vào góc xa đánh bại thủ môn pau lopez đưa barca vượt lên dẫn 1-0gặp betis là trận đấu hiếm hoi barca xuất phát với chỉ hai tiền đạo gồm messi và luis suarez ngoài ousmane dembele chấn thương hlv ernesto valverde cho cả ba tiền đạo còn lại là philippe coutinho malcom và jerome boateng khởi đầu trên băng ghế dự bịnhư vậy cũng đủ để uy hiếp hàng thủ đội chủ nhà điển hình là tình huống phối hợp ăn ý nâng tỷ số lên 2-0 ở phút bù giờ hiệp một sau khi nhận đường chuyền trung lộ của messi suarez như có mắt sau lưng chọc khe vào vòng cấm để đồng đội mang áo số 10 sút nối ghi bàndẫn trước hai bàn đem lại cho các cầu thủ barca lợi thế lớn về tinh thần họ tiếp tục chơi lấn lướt với hàng loạt tình huống tấn công sau giờ nghỉ hàng tiền vệ hoàn toàn làm chủ thế trận nhất là arthur với những pha di chuyển và chuyền bóng chính xác suarez và messi cũng liên tục tung ra những pha dứt điểm gây sóng gióchiến thắng của barca trở nên chắc chắn với pha làm bàn ở phút 63 của suarez sau khi có bóng giữa sân tiền đạo người uruguay đột phá qua ba hậu vệ đối phương rồi sút vào góc tráiso với trận thắng 4-3 ngay tại nou camp ở giai đoạn một betis thể hiện hình ảnh khác hẳn thay cho sự mạnh mẽ và khả năng dứt điểm hiệu quả đội chủ nhà hầu như chỉ biết chuyền bóng cho nhau ở giữa sân betis chỉ có tình huống duy nhất cứu vãn danh dự là pha rút ngắn tỷ số ở phút 82 tận dụng sai lầm phá bóng của jordi alba loren moron cứa lòng trong vòng cấm đánh bại thủ môn ter stegentuy nhiên niềm an ủi của betis không kéo dài quá lâu ba phút sau pha ghi bàn của moron messi thực hiện siêu phẩm lốp bóng hoàn tất cú hat-trick điểm xuất phát của bàn thắng là sát mép vòng cấm nơi hầu hết cầu thủ đều chọn cú sút căng thay vì một pha lốp bóng quỹ đạo bàn thắng chính xác đến mức thủ môn pau lopez bật cao vẫn không thể với tới trước khi bóng đập xà rơi vào khung thànhgiành chiến thắng 4-1 barca đạt 66 điểm sau 28 vòng đội dẫn đầu la liga hiện hơn 10 điểm so với atletico và 12 điểm so với real nếu tiếp tục chơi với phong độ cao trong 10 vòng còn lại barca có thể sớm giành chức vô địch và kết thúc giải với tổng điểm lớnthanh quý
Chelsea sảy chân trước Everton,*ghi bàn: richarlison 49' sigurdsson 72'đây có lẽ là chiến thắng lớn nhất của hlv marco silva kể từ khi dẫn dắt everton ít ai nghĩ đến ba điểm cho chủ nhà khi họ chỉ thắng một trận trước top 10 mùa này everton cũng bị lấn sân gần như cả trận nhưng họ chỉ cần hai khoảnh khắc vùng lên để kết liễu đối thủsau 45 phút đầu chệch choạc đội quân của silva chơi tự tin hơn từ đầu hiệp hai phút 49 họ mở tỷ số từ pha bóng cố định gylfi sigurdsson tạt bóng cho dominic calvert-lewin dứt điểm trước khi richarlison đánh đầu bồi cận thành bàn thắng cho thấy khả năng săn bàn của chân sút người brazil với pha lập công thứ 12 mùa nàychủ nhà phòng ngự tự tin hơn sau bàn thắng và rình rập phản công với những cầu thủ có tốc độ và kỹ thuật như richarlison sigurdsson hay bernard richarlison vẫn là ngòi nổ của everton khi luôn xuất hiện ở các điểm nóng phút 72 anh rướn người lấy bóng trong vòng cấm ngay trước khi bị marcos alonso ngáng chân trọng tài anthony taylor ngay lập tức thổi phạt đền còn hậu vệ của chelsea không phàn nàn sigurdsson lần thứ ba sút hỏng phạt đền trong sáu cơ hội gần đây khi bị thủ môn kepa cản phá nhưng cú đá bồi giúp anh ấn định tỷ số 2-0hlv sarri có lý do để tức giận khi chelsea không thể kết liễu đối thủ trong hiệp một nhiều lần ông vò đầu bứt tai hay vung tay ngoài đường piste không khó hiểu cho cảm xúc của nhà cầm quân người italy khi chelsea có ba cơ hội ăn bàn chỉ trong 10 phút đầuross barkley - người cũ của everton - là tâm điểm ở goodison park khi anh bị la ó mỗi khi chạm bóng nhưng eden hazard mới là mối đe dọa với hàng thủ chủ nhà phút thứ sáu ngôi sao người bỉ rê dắt và dứt điểm hiểm hóc nhưng pickford phản xạ tốt sau đó vài chục giây hazard đánh bại được pickford ở pha bóng tương tự nhưng bị cột dọc từ chối bàn thắng gonzalo cũng được barkley trao cơ hội nhưng trung vệ yerry mina kịp thời cản phá dù không ăn bàn chelsea cho thấy họ có thể ghi bàn bất cứ lúc nàobóng được đưa vào lưới everton ở phút 42 nhưng trọng tài phất cờ với pedro trước khi anh hạ gục pickford ở pha đối mặt tiền đạo người tây ban nha bị việt vị trước đó không lâu anh cũng sút chệch cột dọc trong gang tấc chelsea chắc chắn phải tiếc nuối khi để everton sống sót sau hiệp mộtchelsea có cơ hội vươn lên bằng điểm arsenal - đội đứng thứ tư nếu thắng nhưng thất bại khiến họ dậm chân ở thứ sáu sau man utd cơ hội vào top 4 của chelsea vẫn rộng mở với điều kiện họ không mắc những sai lầm tương tự như ở goodison park top 4 là không thể nếu chúng tôi không tiến bộ sarri nói sau trậnđội hình thi đấutrong ngoặc là điểm chấm của sky sportseverton: pickford 7 coleman 6 keane 6 mina 6 digne 7 gomes 6 gueye 8 richarlison 7 sigurdsson 7 davies 86' bernard 6 walcott 78' calvert-lewin 7chelsea: kepa 5 azpilicueta 5 rudiger 5 luiz 5 alonso 4 jorginho 6 hudson-odoi 74' kante 6 barkley 5 loftus-cheek 65' pedro 6 hazard 6 higuain 5 giroud 66'xuân bình
Rory McIlroy vô địch The Players 2019,với lợi thế dẫn đầu sau vòng ba rory mcilroy tommy fleetwood jon rahm và jason day được xếp vào hai nhóm đấu cuối cùng của vòng bốn the players áp lực lớn khi đứng trước cơ hội vô địch khiến cả bốn golfer thi nhau bogey ở đầu vòngjon rahm bogey ở ba trong bốn hố đầu jason day bogey hố 1 và hố 4 còn rory mcilroy thậm chí double-bogey ở hố 4 mcilroy và fleetwood tạo cách biệt ba gậy với nhóm bám đuổi trước vòng nhưng nhanh chóng bị bỏ lại có thời điểm đỉnh bảng là sự chia sẻ của những cái tên không quá được kỳ vọng như abraham ancer jim furyk brandt snedeker hay ollie schneiderjanscách biệt trong top 10 thường xuyên được duy trì ở mức hai gậy hoặc ít hơn khiến đỉnh bảng liên tục đổi chủ golfer kỳ cựu jim furyk là người hiếm hoi âm gậy ở cả chín hố đầu và chín hố sau đội trưởng tuyển ryder cup mỹ 2018 khép lại vòng đấu với điểm -5 furyk giữ đỉnh bảng với điểm -15 khi ông hoàn tất 72 hố tại giảitrong ngày thi đấu nhiều gió và ẩm ướt tại tpc sawgrass phong độ của các golfer cũng rất thất thường bộ đôi eddie pepperell và jhonattan vegas birdie liên tục ở chín hố cuối để đạt điểm -6 tại vòng bốn và có tổng -14 sau 72 hố rory mcilroy tommy fleetwood và jon rahm có lúc trở lại đỉnh bảng nhưng chỉ một trong số họ duy trì được tần suất kiếm birdie đều đặnba birdie trong bốn hố từ hố 9 đến hố 12 giúp mcilroy có điểm -15 golfer 29 tuổi sau đó chịu sức ép lớn khi bogey sau pha gạt hỏng từ 15 mét ở hố 14 và dính bẫy cát ở hố 15 nhưng bản lĩnh của golfer bốn lần vô địch major được thể hiện đúng lúc mcilroy birdie liên tiếp ở hai hố 15 và 16 vươn lên độc chiếm đỉnh bảng với một gậy cách jim furykgolfer bắc ireland không mắc sai lầm nào ở hố 17 - hòn đảo xanh và đạt par gậy thứ hai của anh ở hố 18 suýt đưa bóng xuống nước nhưng bóng kịp dừng lại gần mép green đó là thời điểm furyk biết bản thân không còn cơ hội đăng quang tại the players 2019 mcilroy bỏ lỡ birdie nhưng điểm par ở hố cuối là đủ để anh đăng quang tại giải với điểm -16 -2 ở vòng bốn đây là danh hiệu đầu tiên của mcilroy sau tròn một nămtôi có cảm giác bản thân đang chơi thứ golf hay nhất sự nghiệp nhà vô địch the players 2019 phát biểu chiến thắng đến ở thời điểm rất quan trọng với tôi màn trình diễn ở những hố cuối mang đến cho tôi sự tự tin trên chặng đường phía trướcđăng quang tại the players rory mcilroy nhận số tiền thưởng kỷ lục cho một nhà vô địch – 225 triệu đôla mỹ anh cũng trở thành người thứ ba sau tiger woods và jack nicklaus chạm mốc 15 danh hiệu pga tour và bốn chức vô địch major trước tuổi 30chiến thắng cũng tạo đà tâm lý tốt cho mcilroy trước thềm masters tháng sau đây là major duy nhất mà golfer 29 tuổi còn thiếu trong sự nghiệp sân đấu augusta tại masters cũng được đánh giá là tương đồng với tpc sawgrass tại the playersjim furyk ở tuổi 48 xếp thứ hai với điểm -15 pepperell và vegas cùng -14 đứng t3 còn dustin johnson brandt snedeker và tommy fleetwood chia sẻ vị trí thứ năm với điểm -13jon rahm với điểm +4 tại vòng bốn và -11 chung cuộc  bật khỏi top 10 – nơi còn có sự góp mặt của justin rose jason day và hideki matsuyama và brian harman t8 -12nhân đạt
Koepka sa sút phong độ tại The Players vì giảm cân,koepka tốn từ 70 gậy trở lên trong cả bốn vòng the players năm nay ngôi sao 28 tuổi chỉ xếp t46 chung cuộc với tổng điểm -2theo thống kê cú driver của kopeka mùa này đã ngắn lại khoảng 10 mét so với những mùa giải trướcnguyên nhân chính dẫn đến sự sa sút này là bởi golfer mỹ đã ép cân trong bốn tháng qua anh giảm từ 96 kg xuống 85 kg kể từ khi bắt đầu quá trình ăn kiêng vào cuối năm ngoáirõ ràng những cú đánh đã mất khi nhiều sức mạnh do trọng lượng cơ thể không còn như cũ nhà vô địch us open hai năm liên tiếp thừa nhận tôi cảm thấy khó chịu với tình trạng nàykoepka từ chối tiết lộ lý do giảm cân nhưng khẳng định đó là điều không mong muốn bốn tháng ép cân đã qua anh chia sẻ tôi đã tập hai buổi mỗi ngày chạy bộ và ăn uống lành mạnh tuần tới tôi sẽ ăn những gì mình muốn chắc chắn tôi muốn một miếng phô mai thứ tôi đã không động đến suốt thời gian quatheo một số nguồn tin thân cận koepka phải giảm cân vì lý do sức khỏe anh bắt đầu làm điều này từ sau chức vô địch cj cup vào tháng 10/2018từ đó tới nay koepka không thể vô địch số gậy trung bình trên tour của anh giảm từ vị trí thứ chín xuống 46 trong ba tháng đầu năm 2019nhân đạt
Thủ môn Napoli ngất xỉu khi đang thi đấu,bảo lam
"Bayern thắng 6-0, đòi lại đỉnh bảng Bundesliga",ghi bàn: lewandowski 3 james rodriguez 33 51 & 55 coman 39 davies 70bayern phải đá muộn ở vòng 26 một ngày sau khi dortmund hạ hertha berlin và vươn lên dẫn đầu cuộc đua hùm xám cũng chịu sức ép rất lớn từ thất bại 1-3 dưới tay liverpool trên sân nhà ở lượt về vòng 1/8 hôm giữa tuần trước nhưng hùm xám đã biến những áp lực đó thành động lực để thăng hoa và có chiến thắng thứ 13 trong 14 trận bundesliga gần nhấtsố phận trận đấu tại allianz arena sớm an bài với các vị khách mainz chỉ trong 39 phút đầu tiên lần lượt lewandowski rodriguez rồi coman lập công giúp bayern dẫn 3-0 sang hiệp hai trong bầu không khí tiệc tùng mà 75000 khán giả tạo nên trên các khán đài hùm xám dễ dàng ghi thêm ba bàn nữa với hai thuộc về rodriguez và một bàn từ tài năng trẻ người canada alphonso daviesnhờ thắng lợi 6-0 này bayern san bằng cách biệt điểm số với dortmund - mỗi đội có 60 điểm khi mùa giải còn tám vòng tuy nhiên đội bóng bang bavaria chiếm ngôi đầu nhờ hiệu số bàn thắng - bại vượt trội +41 so với +34 của dortmundmainz như bị biến thành bao cát để bayern trút giận sau trận thua liverpool 1-3 hôm 14/3 lòng kiêu hãnh bị tổn thương khiến hùm xám tràn lên tấn công ào ạt ngay sau tiếng còi khai cuộc và họ chỉ mất ba phút để mở tỷ số nhờ cú đá nối từ góc rất hẹp của lewandowski sau khi coman tạt bóng từ trái vào ở tầm thấpcách biệt suýt được nhân đôi ở phút 12 nếu cột dọc không từ chối cú sút căng như búa bổ của coman từ góc hẹp gần tương tự tình huống lewandowski mở tỷ số nhưng trong tiếng nhạc rộn ràng của bài hát truyền thống fc bayern mãi trong trong tim ta fc bayern hãy gọi chúng tôi là những nhà vô địch thế giới đội chủ nhà cũng chỉ phải đợi thêm chừng 20 phút để mừng liên tiếp hai bànrodriguez tăng tốc đón đường chuyền của goretzka để băng xuống sút tung lưới mainz ở phút 33 sáu phút sau đó coman sửa sai cho pha hỏng ăn ở đầu trận bằng tình huống đi bóng từ biên vào trung lộ rồi cứa lòng từ mép khu vực 16m50 nâng tỷ số lên 3-0 cho bayernhưng phấn đang lên giúp bayern tiếp tục chơi áp đảo trong hiệp hai rodriguez chỉ mất sáu phút sau giờ giải lao để ghi bàn thứ hai của riêng anh với một cú đánh đầu cầu thủ được mượn về từ real madrid này hoàn thành cú hattrick với cú ra chân căng ở phút 55 sau tình huống hỗn loạn của hàng phòng ngự mainzbữa tiệc của bayern khép lại với bàn ấn định tỷ số 6-0 nhờ công alphonso davies tài năng 19 tuổi người canada có mặt đúng lúc để đá bồi sau khi thủ môn mainz bắt không dính cú sút từ cự ly gần của lewandowskinhật tảo
Tiger Woods hài lòng với màn trình diễn tại The Players,69 gậy par72 ở vòng bốn là thành tích tốt nhất của tiger woods qua bốn vòng trong ngày thi đấu với thời tiết ảm đạm golfer 43 tuổi chỉ mất ba hố để khuấy động đám đông bằng một pha cứu par từ hố cát woods có bốn birdie và một bogey trong cả vòng đạt tổng điểm -6 và xếp t30gió to và xoáy rất khó để đưa bóng lên fairway và green như ý muốn golfer sở hữu 14 major chia sẻ bạn có thể tốn rất nhiều gậy ngay cả khi đã đưa được bóng lên green tôi đã bỏ lỡ vài cú putt và điều đó hạn chế đi cơ hội cạnh tranh của tôi tôi cũng đã không may mắn khi mất tới bảy gậy cho hố 17 ở ngày thứ sáu nhưng nhìn tổng thể tôi đã chơi không tồi trong cả tuần và tôi hài lòng với màn trình diễn của bản thâncách đỉnh bảng 12 gậy khi bước vào vòng cuối woods nhập cuộc với tâm lý thoải mái siêu hổ là một trong những golfer đánh ổn định nhất vòng với tỷ lệ đưa bóng lên fairway là 857% và đưa bóng lên green là 667% chỉ số ghi điểm trên green của anh cũng lên tới 115tuần này tôi phát bóng ổn đặc biệt là ở hai vòng cuối woods nói thêm nhiệt độ giảm và gió không thuận khiến bóng không bay xa được như hai ngày đầu nhưng về cơ bản tôi đã kiểm soát được nó bằng những cây gậy gỗthe players chính là giải đấu gậy cuối cùng của woods trước thềm masters – giải major đầu tiên trong mùa giải – vào tháng sau với việc không dự valspar championship tuần tới woods chỉ ra sân thêm một giải trong tháng này là wgc-dell technologies đây là giải đấu diễn ra theo thể thức match-playtôi nghĩ mình đang đi đúng hướng woods nói về sự chuẩn bị cho masters tôi có thể định hình được trái bóng theo nhiều cách khác nhau điều mà bạn rất cần ở augusta national - sân đấu tổ chức masters tôi sẽ chỉ cần cải thiện sự ổn định trong những cú puttnhân đạt
Liverpool tái chiếm đỉnh bảng nhờ phạt đền ở Ngoại hạng Anh,bàn thắng: babel 74' - mane 26' milner phạt đền 81'liverpool toàn thắng fulham trong năm lần gặp nhau gần nhất ở ngoại hạng anh thầy trò jurgen klopp đang sở hữu chuỗi 11 trận bất bại trên mọi đấu trường phong độ trái ngược so với việc fulham đã thua 9 trong 10 trận gần nhất và đội khách đã cụ thể hoá những ưu thế ấy thành ba điểm trọn vẹn nhưng cách họ vượt qua fulham không hề dễ dàngnhững gì liverpool trải qua ở sân craven cottage khá giống với man utd tuần trước cả hai clb giàu truyền thống nhất ngoại hạng anh cùng trở về sau kỳ tích ở champions league nhưng lại vô duyên ở đấu trường quốc nội quỷ đỏ bị arsenal hạ 2-0 còn liverpool may mắn không giẫm vào vết xe đổ nhờ quả phạt đền quyết định ở phút 81 của cầu thủ vào thay người james milnerchiến thắng 2-1 giúp liverpool trở lại đỉnh bảng khi hơn man city hai điểm nhưng chơi hơn một trận đây được xem là lợi thế không nhỏ cho chủ sân anfield bởi đội đương kim vô địch sẽ phải bám đuổi họ sau hai tuần nhường chỗ cho các đội tuyển quốc gia thi đấu nơi mà virus fifa rất dễ hoành hànhchiến thắng của liverpool mang dấu ấn của mane tiền đạo người senegal từng được klopp ca ngợi hết lời sau chiến thắng bayern munich 3-1 bây giờ tiếp tục nối dài mạch thăng hoa phút 26 mane đi bóng bên cánh trái chọc khe xuống cho roberto firmino trước khi nhận lại bóng từ đồng đội người brazil rồi dứt điểm một chạm mở tỷ sốđây là bàn thứ bảy trong năm trận gần nhất của mane cựu cầu thủ southampton chính là đầu tàu kéo liverpool tiến lên trong giai đoạn khốc liệt nhất mùa giải nếu may mắn hơn chân sút 26 tuổi có thể đã lập cú đúp nhưng pha đánh đầu của anh ở phút 72 đưa bóng tìm tới xà ngangmane thăng hoa nhưng người hùng còn lại trong buổi tối đáng nhớ tại allianz arena hồi giữa tuần - virgil van dijk - lại thành tội đồ giữa lúc liverpool dẫn 1-0 và kiểm soát bóng tới 63% trung vệ người hà lan lại có cú đánh đầu về thiếu lực xuất phát từ cú phát bóng dài của thủ môn fulham milner - sau khi được tung vào thay adam lallana - đã phá bóng lỗi khiến bóng dội ngược về phía khung thành liverpool van dijk giơ tay ra dấu cho alisson becker đón đường trả về bằng đầu nhưng anh lại đánh đầu quá nhẹ bóng rơi ngay trước mũi giày của ryan babel người cũ của liverpool dễ dàng vượt qua alisson và đưa bóng vào lưới trốngngôi sao được kỳ vọng trên hàng công liverpool - mohamed salah - tiếp tục gieo sầu cho cđv nhà khi có trận thứ bảy liên tiếp tịt ngòi anh vẫn là người dứt điểm nhiều nhất bên phía đội bóng áo đỏ 5 lần trong đó có pha đối mặt với sergio rico vào cuối trận tuy nhiên duyên ghi bàn chưa trở lại với tiền đạo người ai cậpsalah tịt ngòi nhưng liverpool còn mane sau khi mở tỷ số và mớm quả bóng ngon nhất trận cho salah tiền đạo người senegal tiếp tục mang về quả phạt đền cho đội khách khi bị thủ môn sergio rico ôm trong cấm địa fulham từ chấm 11m chuyên gia phạt đền milner chuộc lỗi bằng cú sút vào chính diện khung thành giúp liverpool có ba điểm trọn vẹn rời londonđội hình thi đấufulham: rico fosu-mensah christie 73' chambers ream bryan zambo seri sessegnon 65' ayite cairney kebano 82' babel mitrovicdự bị không sử dụng: odoi mcdonald vietto ramirezliverpool: alisson alexander-arnold matip van dijk robertson wijnaldum fabinho lallana milner 72' salah sturridge 90'+2 firmino origi 72' manedự bị không sử dụng: mignolet lovren moreno shaqirithắng nguyễn
Bottas thắng dễ Hamilton tại chặng mở màn F1 2019,hai chiếc xe w10 chiếm trọn cả hai vị trí đầu tiên khi về đích tuy nhiên tay đua giành chiến thắng lại là valteri bottas thay vì lewis hamilton như thường lệ ngôi sao người phần lan dù chỉ xuất phát thứ nhì sau người đồng đội sớm vượt lên và băng băng về đích cùng khoảng cách mênh mông 21 giây so với nhóm sau sau một mùa giải 2018 an phận chim mồi cho hamilton bottas dường như đã lấy lại tự tin để thách thức người đồng độitôi không thể hiểu những gì đã diễn ra tôi không biết nói gì hơn đó quả là một cú đề-pa ấn tượng có thể nói đây là chặng đua hay nhất của tôi từ trước tới nay bottas chia sẻ với màn khởi đầu suôn sẻ ở f1 2019những kỳ đua thử trước mùa giải chứng minh tiềm năng vượt trội của chiếc w10 dù ferrari được coi là đối thủ chính cạnh tranh với mercedes tuy nhiên diễn biến tại các buổi chạy ở albert park đã cho thấy chiếc sf90 đang bị đội đua đức bỏ xa sebastian vettel thường xuyên bị hai tay đua của mercedes bỏ xa tầm 05 giây mỗi vòngtại cuộc đua chiều chủ nhật tay đua số 1 của ferrari sớm bị đối thủ khó chịu max verstappen red bull vượt qua trong khi chiếc rb15 vẫn đàng hoàng bám đuổi hamilton suốt chặng đua vettel đã nhiều phen nổi cáu qua sóng radio khi chứng kiến chiếc sf90 không thể theo kịp tốc độ của các đối thủvị trí thứ tư và thứ năm khi về đích của hai tay đua ferrari không phải là kết quả tương xứng với tham vọng mà đội đua italy đặt ra đầu mùa giải năm nay vettel không vui nhưng hamilton cũng không thể hài lòng dù về nhì về đích kém người đồng đội tới hơn 20 giây nhà đương kim vô địch thế giới luôn ở trong trạng thái báo động khi chiếc rb15 thấp thoáng phía sauhamilton sớm bị người đồng đội bottas vượt qua ngay ở góc cua đầu tiên dù vậy tay đua người anh không thể tăng tốc để phản công tới vòng 15 anh đã cách ngôi đầu tới 38 giây một vòng trước đó vettel đã sớm vào pit hòng nhảy cóc lên vị trí số hai hamilton buộc phải về pit ngay sau đó để giữ vị tríở phía trên mãi tới vòng 25 bottas mới về thay lốp khi trở lại đường đua tay đua người phần lan vẫn nhanh hơn người đồng đội tới 12 giây lúc này việc thay lốp sớm khiến hamilton rơi vào thế kẹt bộ lốp mới thay xuống cấp nhanh hơn dự tính khiến tay đua người anh buộc phải thi đấu an toàn dù đang bị vettel người chạy phía sau chừng hai giây bám đuổituy nhiên đối thủ chính của hamilton dần lộ diện verstappen cũng sử dụng chiến thuật thay lốp muộn nên sớm vượt qua vettel và đuổi kịp chiếc w10 dù vậy chiếc rb10 không đủ sức để vượt lên vị trí thứ hai khi ở cuối chặng đua bộ lốp của verstappen cũng dần xuống cấp một số cố gắng vượt lên của tay đua người hà lan khiến anh văng ra lề và suýt phải bỏ cuộc verstappen vì thế chỉ còn tập trung thi đấu an toàn ở những vòng cuốituy nhiên verstappen vẫn rất hài lòng với kết quả: thật vui khi rút ngắn khoảng cách và gây khó dễ cho lewis tôi khá ngạc nhiên với điều đó khởi đầu mùa giải với vị trí trong top ba và đua tranh quyết liệt với một chiếc mercedes là một kết quả đầy hứa hẹn với tôiở phía sau tân binh charles leclerc của ferrari cũng bám đuổi đàn anh vettel ở nửa cuối cuộc đua nhờ chiến thuật về pit muộn tuy nhiên leclerc cũng không vượt qua được đồng đội nên đành an phận với vị trí thứ năm trong chặng ra mắt cùng đội đua lừng danh italykết quả grand prix australia+ fastest-lap: 1 phút 25580 giây do valteri bottas meredes lập tại vòng nămminh phương
Buriram lại thắng khi Xuân Trường dự bị,bảo lam
Juventus thua trận đầu tiên ở Serie A,bàn thắng: sturaro 72' pandev 81'max allegri quyết định để những trụ cột như cristiano ronaldo giorgio chiellini và blaise matuidi nghỉ ngơi sau cuộc lội ngược dòng kỳ vĩ trước atletico ở vòng 1/8 champions league việc thắng sáu hòa một và chỉ thua một trong tám cuộc đối đầu gần nhất khiến lão bà tự tin trong chuyến hành quân tới thành phố cảng genova tuy nhiên allegri không lường được sự sa sút của những phương án thay thế paulo dybala daniele rugani cùng chơi không tốt cộng với sai lầm của thủ thành mattia perin đội bóng thành turin nhận thất bại đầu tiên ở serie a trong mùa 2018-2019cả hai bàn thua của juventus đến ở nửa cuối hiệp hai thời điểm đội khách đẩy cao đội hình tìm kiếm bàn thắng đội bóng áo sọc trắng đen bị hở sườn và dính bẫy phản công của genoa goran pandev và stefano sturaro hai người vào sân từ ghế dự bị cùng nổ súng cách nhau chưa đầy 10 phút giúp đội chủ nhà thắng 2-0genoa là đội chơi sắc nét hơn dù chỉ kiểm soát bóng 40% các học trò của cesare prandelli tung đến 18 cú dứt điểm gấp ba đội khách bộ đôi tiền đạo antonio sanabria - christian kouame di chuyển rộng và có tốc độ tốt liên tục làm khổ hàng thủ ba người được chỉ huy bởi leonardo bonucci nếu may mắn hơn sanabria có thể đưa đội chủ nhà vượt lên từ phút sau bằng cú đặt lòng cận thànhpaulo dybala trong ngày được giao nhiệm vụ lĩnh xướng hàng công chơi dưới mức kỳ vọng tiền đạo được ví là tiểu messi tích cực di chuyển và đột phá nhưng những quyết định cuối cùng của anh thiếu hợp lý lão bà giữ bóng nhiều nhưng những đường chuyền của họ gần như vô hại trước hàng thủ lùi sâu của genoathiếu chân sút chủ lực ronaldo juventus tỏ ra thiếu ý tưởng trong cách tiếp cận khung thành đối phương họ còn may mắn thoát phạt đền ở phút 31 bóng chạm tay joao cancelo trong cấm địa và trọng tài marco di bello chỉ tay vào chấm 11 met dù vậy tín hiệu từ phòng var yêu cầu di bello xem lại băng hình sau hơn một phút tua chậm tình huống trọng tài 37 tuổi bẻ còi tước phạt đền cho genoavar khiến juventus thoát phạt đền nhưng cũng khiến đội khách mất bàn thắng phút 57 dybala làm tung lưới genoa sau đường căng ngang của cancelo tuy nhiên nhờ công nghệ var trọng tài từ chối pha lập công này bởi emre can đã việt vị trước khi nhả bóng cho cancelobước ngoặt trận đấu đến từ những cầu thủ dự bị của genoa stefano sturaro hai phút sau khi vào sân thoải mái cứa lòng vào góc xa sau đường nhả lại của pandev bàn thua của juventus có một phần lỗi của thủ môn perin khi anh đổ người trượt và để bóng lập bập trôi qua taychưa đầy 10 phút sau bàn thắng này pandev đích thân ghi bàn thành viên trong cú ăn ba mùa 2009-2010 của inter thoát xuống bên góc trái nhận đường chọc khe của kouame rồi sút căng vào góc cao bàn thắng này đánh gục hoàn toàn ý chí phản kháng của juventus dù allegri liên tục đưa federico bernardeschi và leonardo spinazzola vào sântrận thua genoa không ảnh hưởng nhiều tới đội đương kim vô địch bởi họ hơn đội nhì bảng napoli 18 điểm dù đội bóng miền nam còn một trận chưa đấuđội hình thi đấugenoa: radu pereira romero zukanovic criscito lerager radovanovic veloso 75' rolon lazovic sturaro 70' kouame sanabria pandev 60'juventus: perin caceres bonucci rugani sandro cancelo bernardeschi 60' can pjanic bentancur spinazzola 77' dybala mandzukic kean 73'thắng nguyễn
Solskjaer: 'Bị loại ở FA Cup là bước lùi ghê gớm',chúng tôi tiếp cận trận đấu quá chậm và bị cuốn vào lối chơi của họ ole gunnar solskjaer bình luận mức độ kiểm soát bóng của chúng tôi không tốt và không đủ nhanh thật thất vọng tôi không nghĩ chúng tôi có đủ chất lượng trong những pha dứt điểm cũng như sự kết nối trong lối chơiđối đầu barca ở tứ kết và hiện tại nằm ngoài top 4 ở ngoại hạng anh fa cup trở thành đấu trường khả thi nhất đối với man utd nhưng đội khách vẫn thi đấu dưới khả năng dù  sử dụng đội hình mạnh họ để wolves dẫn hai bàn từ giữa hiệp hai nhờ công raul jimenez và diogo jota bàn rút ngắn ở những phút cuối của marcus rashford không đủ tránh cho đội khách khỏi việc bị loại ở sân chơi lâu đời nhất thế giớichúng tôi đã có những giai đoạn bùng nổ nhất định khi cầm bóng trong hiệp một nhưng điều đó chẳng ích gì nếu bạn cứ liên tục mất bóng và để đối phương phản công nhà cầm quân na uy nói thêm đây là một bước lùi ghê gớm chủ yếu là vì chất lượng của việc kiểm soát bóng và những đường chuyềnđây là thất bại thứ hai liên tiếp của man utd tuần trước họ thua 0-2 khi làm khách của arsenal ở ngoại hạng anh lần gần đây nhất man utd thất bại trước wolves ở fa cup đã diễn ra cách đây gần nửa thế kỷ năm 1973sau trận đấu này các giải đấu cấp clb tạm dừng để dành thời gian cho đội tuyển quốc gia trận đấu tiếp theo của man utd diễn ra vào ngày 30/3 gặp watfordmột số cầu thủ sẽ trở về với đội tuyển và họ sẽ tận dụng giai đoạn tạm nghỉ này chúng tôi sẽ trở lại solskajer nói chúng tôi đã có một chuỗi trận tuyệt vời và bây giờ nhận hai thất bại trận đấu với arsenal chúng tôi không thể ghi bàn và trận này thật tệ - tệ nhất trong số những trận đã qua tôi vẫn ở đây cho đến mùa hè chúng tôi sẽ gượng dậy để chiến đấu cho các mục tiêu ở ngoại hạng anh và champions leaguehà đồ
Zidane: 'Đá không tốt trận đầu là bình thường',tôi cảm thấy thật tuyệt và tin rằng chúng tôi đã giành được một kết quả tốt trận thắng này là thứ chúng tôi tìm kiếm suốt thời gian qua điều quan trọng nhất là tỷ số dù đây mới là trận đầu của tôi khi trở lại zinedine zidane mở đầu buổi họp báo sau trận đầu tiên của ông trong nhiệm kỳ hai ở real madrid real chơi không thật tốt nhưng đó là điều bình thường chúng tôi đã kiên nhẫn sau hiệp một không ghi bàn và chơi khởi sắc trong hiệp haiđội chủ sân bernabeu chơi áp đảo và có 22 pha dứt điểm gần gấp bốn đối thủ trong trận đấu thuộc vòng 28 la liga nhiều công thần dưới thời zidane nhiệm kỳ đầu như keylor navas marcelo gareth bale và isco được trọng dụng trở lạimục tiêu của real trong phần còn lại là kết thúc la liga ở vị trí tốt nhất có thể trước celta vigo mọi thứ không hẳn là hoàn hảo nhưng đó là bước chạy đà tốt cho trận kế tiếp tôi sẽ có thêm thời gian để tìm hiểu và trò chuyện với học trò giúp mọi thứ đi vào quy củ đồng thời đảm bảo việc giữ phong độ cho tới hết mùa zidane nói thêmzidane mới rời chiếc ghế nóng ở bernabeu 10 tháng và chưa quên cảm giác được 80000 cđv trên sân cổ vũ: thật vui khi trở lại và được ngồi tại đây có nhiều thứ đã thay đổi nhưng với tôi cảm giác như mình vừa trở về nhà tôi đến đây khi còn là cầu thủ từng đảm đương nhiều vị trí ở đây và chưa bao giờ tôi thấy khó chịu khi trở lại bernabeutruyền thông tây ban nha cho rằng zidane sẽ được cấp 400 triệu đôla để nâng cấp đội hình trong hè 2019 nhiều biến động sẽ diễn ra trong đội hình real tuy nhiên nhà cầm quân người pháp chỉ tập trung cho những học trò đang có trong tay đội một real có 25 thành viên và tôi sẽ phải chu toàn tất cả cho họ tất nhiên sẽ có những người không được thi đấu thậm chí ngồi dự bị một thời gian dù vậy mùa giải vẫn còn 10 trận không ai có thể phủ nhận những gì họ đã làm trong quá khứ zidane nhấn mạnhthủ môn số một của real thời gian qua thibaut courtois bị đày lên ghế dự bị tối 16/3 nhưng zidane cho biết đây không phải quyết định cuối cùng ông nói: chúng tôi có ba thủ môn giỏi là navas courtois và luca zidane nhưng tôi tin real nên có ba hoặc bốn người gác đền xuất chúng bạn không thể cạnh tranh ở năm sáu đấu trường chỉ với một thủ mônthắng nguyễn
Jon Rahm độc chiếm đỉnh bảng vòng ba The Players,không golfer mỹ nào lọt top 5 sau vòng ba trong đó top 3 chứng kiến sự hiện diện của ba golfer tuyển ryder cup châu âukhông có nhiều dấu hiệu cho thấy jon rahm sẽ giữ đỉnh bảng sau vòng này cho đến khi anh eagle ở hố 11 sau hai birdie liên tiếp ở hố 9 và 10 rahm vươn lên dẫn đầu từ hố 12 và giữ nguyên được vị trí đến hết vòng30 gậy trong chín hố cuối giúp golfer tây ban nha đạt điểm -8 và có tổng -15 ít hơn một gậy so với hai người bám đuổi là tommy fleetwood và rory mcilroyfleetwood và mcilroy chính là bộ đôi đồng dẫn đầu sau hai ngày đầu tiên nhưng double-bogey của fleetwood ngay hố đầu cùng hai birdie mở màn vòng ba của mcilroy khiến họ sớm đánh mất lợi thế dẫn ba gậy ở ngày kế trướcfleetwood dính thêm hai bogey ở hố 4 và hố 7 nhưng sau đó chơi quật khởi với bốn birdie trong tám hố cuối để cải thiện thành tích thêm hai gậy so với vòng hai golfer anh có tổng điểm -14 xếp t2 cùng rory mcilroysau ba vòng bảng điểm vẫn rất chật chội khi top 10 chỉ cách nhau năm gậy jason day người chỉ đánh sáu hố tại arnold palmer invitational tuần trước và phải tiêm hormone để ra sân tuần này vươn lên xếp thứ tư với điểm -12 abraham ancer -11 xếp ngay sau trong khi ollie schneiderjans và brandt snedeker cùng tăng 33 bậc lên t6 -10 khi đánh bảy gậy dưới chuẩn ở vòng nàycơ hội cũng chưa khép lại với số một thế giới dustin johnson jim furyk -10 patrick reed adam scott -9 hay justin rose -8 nhưng với tiger woods chỉ có phép màu mới giúp siêu hổ đăng quang golfer sở hữu 14 major đang xếp t43 với điểm -3 cách 12 gậy so với đỉnh bảngnhân đạt
Ronaldo được chế ảnh chạy theo hình con dê,bảo lam
CenGolf ra mắt ứng dụng đặt sân golf trực tuyến Fastee,ngày 15/3 vừa qua sự kiện ra mắt ứng dụng đặt sân golf fastee đã diễn ra tại khách sạn daewoo hà nội ứng dụng hoạt động dựa trên nền tảng kết nối phổ biến hiện nay là platformtại sự kiện shark phạm thanh hưng đại diện cho công ty cổ phần dịch vụ golf và lữ hành thế kỷ - cengolf trở thành nhà đầu tư chính cho ứng dụng fastee đồng hành cùng shark hưng là shark đặng hồng anhtheo cengolf điểm nổi bật trên fastee là cho phép người dùng đặt giờ chơi tại hầu hết các sân golf việt nam đặt lịch online linh động sẽ giúp golfer lựa chọn thời gian chính xác theo lịch công việc và được xác nhận ngay lập tức fastee có thể chạy trên nhiều loại thiết bị và đa nền tảng app android và ios và web web responsive  thời gian trên fastee tương ứng với thời gian thực tại sân golf người chơi dễ dàng kiểm tra khung giờ trống và đặt giờ theo ý muốntheo chia sẻ từ đại diện cengolf kinh nghiệm của shark hưng và shark hồng anh đem lại nhiều hiệu quả trong việc phát triển ứng dụng công nghệ dành cho golfer cả hai shark đều là những người chơi golf lâu năm đã từng làm việc tại nhiều công ty dịch vụ golf lớn trong nước và quốc tế am hiểu về bộ môn golfbản thân là người bận rộn nhưng thường chơi golf tôi hiểu rõ những khó khăn mà golfer gặp phải fastee là ứng dụng hữu ích mà tôi nghĩ dân chơi golf nên dùng shark hưng nóitrong khi đó shark đặng hồng anh cho biết mình là dân thể thao chuyên nghiệp hiện tại cả anh và 2 con trai đều đam mê golf nên với anh fastee vừa là cơ hội đầu tư và là niềm đam mê thể thao vốn có
'Vua Zidane trở lại ngai vàng',
Bernabeu - ác mộng sân nhà với Real mùa này,
Trận bóng ở nhiệt độ -7 độ C,
